{"Index": "GDAXI", "Date": "1997-09-19", "Open": 4012.300049, "High": 4046.699951, "Low": 3955.850098, "Close": 3983.060059, "Adj Close": 3983.060059, "Volume": 0.0, "CloseUSD": 4859.33327198}